,unlevered_ret,static_ret,static_equity,dyn_leverage,dyn_ret,dyn_equity,dyn_peak_equity,dyn_target_notional,dyn_notional_held,dyn_notional_capped,dyn_drawdown
2026-01-01,-0.0005915710000000685,-0.020704985000002396,9792950.149999976,35.0,-0.020704985000002396,9792950.149999976,10000000.0,350000000.0,350000000.0,False,0.0
2026-01-02,0.0010194630847966124,0.035681207967881434,10142374.44092122,35.7399960827944,0.03643560665718442,10149762.229678791,10149762.229678791,350000000.0,349999999.99999994,False,0.0
2026-01-05,0.0007962777592724901,0.027869721574537154,10425039.592694396,35.0,0.027869721574537154,10432633.277067693,10432633.277067693,355241678.0387577,355241678.0387577,False,0.0
2026-01-06,0.0009594617080992407,0.033581159783473424,10775124.513005702,35.0,0.033581159783473424,10782973.202107284,10782973.202107284,365142164.6973693,365142164.6973693,False,0.0
2026-01-07,-0.0010204727334334196,-0.035716545670169686,10390274.28623517,35.0,-0.035716545670169686,10397842.647274004,10782973.202107284,377404062.07375497,377404062.07375497,False,-0.035716545670169575
2026-01-08,0.00014847050088473424,0.005196467530965698,10444267.00920142,36.29638136259917,0.005388941921208431,10453876.01740603,10782973.202107284,377404062.07375497,377404062.07375497,False,-0.030520078139203766
2026-01-09,0.0021484714625239487,0.0751965011883382,11229639.345770158,36.10183069374129,0.07756375299037434,11264717.87461211,11264717.87461211,377404062.07375497,377404062.07375497,False,0.0
2026-01-12,0.00016179091689583203,0.005662682091354121,11293229.223385815,35.0,0.005662682091354121,11328506.390784832,11328506.390784832,394265125.61142385,394265125.61142385,False,0.0
2026-01-13,0.0006615404965324423,0.02315391737863548,11554711.719762081,35.0,0.02315391737863548,11590805.691780407,11590805.691780407,396497723.67746913,396497723.67746913,False,0.0
2026-01-14,-0.0019070853037921331,-0.06674798563272466,10783457.987901127,35.0,-0.06674798563272466,10817142.759993745,11590805.691780407,405678199.21231425,405678199.21231425,False,-0.06674798563272466
2026-01-15,-0.0009999702735350446,-0.03499895957372656,10406048.177717594,37.503267564580874,-0.0375021527250119,10411476.620160203,11590805.691780407,405678199.21231425,405678199.21231425,False,-0.10174694520645122
2026-01-16,-0.000745208725720925,-0.026082305400232375,10134634.451136833,38.96452098127768,-0.029036701028784185,10109161.686272435,11590805.691780407,405678199.21231425,405678199.21231425,False,-0.1278292506066836
2026-01-19,-0.000663345923554215,-0.023217107324397523,9899337.555391252,40.129756729798686,-0.02661991053993428,9840056.70655013,11590805.691780407,405678199.21231425,405678199.21231425,False,-0.15104635793108123
2026-01-20,0.0036460081485780726,0.12761028520023254,11162594.844128102,41.227221682804995,0.1503147861987416,11319162.726578707,11590805.691780407,405678199.21231425,405678199.21231425,False,-0.02343607273084869
2026-01-21,-0.0022498144312218527,-0.07874350509276484,10283613.00017103,35.83994761907034,-0.08063323136761973,10406462.05955875,11590805.691780407,405678199.21231425,405678199.21231425,False,-0.10217957782361342
2026-01-22,0.0012228660873678798,0.042800313057875794,10723754.855944391,38.983296810243274,0.047671351643042946,10902552.17175996,11590805.691780407,405678199.21231425,405678199.21231425,False,-0.05937926476573763
2026-01-23,0.0018185679791677956,0.06364987927087284,11406320.55785569,37.209471032214935,0.06766795254095774,11640305.554693928,11640305.554693928,405678199.21231425,405678199.21231425,False,0.0
2026-01-26,0.007255246759893419,0.25393363659626966,14302769.017294776,35.0,0.25393363659626966,14596170.675289115,14596170.675289115,407410694.4142875,407410694.4142875,False,0.0
2026-01-27,0.010192372414599138,0.3567330345109698,19405039.210743826,35.0,0.3567330345109698,19803106.93252503,19803106.93252503,510865973.635119,510865973.635119,False,0.0
2026-01-28,-0.003726203068965428,-0.13041710741378998,16874290.12762744,35.0,-0.13041710741378998,17220443.008579146,19803106.93252503,693108742.6383761,693108742.6383761,False,-0.13041710741378998
2026-01-29,-0.0028236808542472236,-0.09882882989865283,15206623.778943632,40.24918187604538,-0.11365084426250367,15263325.122079797,19803106.93252503,693108742.6383761,693108742.6383761,False,-0.2292459373124428
2026-01-30,0.0038081039760600177,0.13328363916210062,17233417.935570173,45.41007526831299,0.17292628818244737,17902755.280762956,19803106.93252503,693108742.6383761,693108742.6383761,False,-0.09596229815034218
2026-02-02,0.0037838180323706005,0.13243363113297102,19515702.0496098,38.715199519212675,0.14649127006762253,20525352.63955176,20525352.63955176,693108742.6383761,693108742.6383761,False,0.0
2026-02-03,-0.0039962870885356105,-0.13987004809874637,16786039.865250073,35.0,-0.13987004809874637,17654470.578613922,20525352.63955176,718387342.3843116,718387342.3843116,False,-0.13987004809874648
2026-02-04,0.0022341487726702525,0.07819520704345884,18098627.727953058,40.69152564985685,0.09091092208870778,19259454.777903676,20525352.63955176,718387342.3843116,718387342.3843116,False,-0.061674841055287644
2026-02-05,0.0009650423907572314,0.0337764836765031,18709935.73197337,37.30050256710878,0.035996566173808905,19952729.016287964,20525352.63955176,718387342.3843116,718387342.3843116,False,-0.027898357378784655
2026-02-06,0.0024209387439555474,0.08473285603844416,20295282.02283921,36.00446544419423,0.08716460534925849,21691900.766633403,21691900.766633403,718387342.3843116,718387342.3843116,False,0.0
2026-02-09,0.0023694124488520263,0.08292943570982092,21978358.308564942,35.0,0.08292943570982092,23490797.856683742,23490797.856683742,759216526.832169,759216526.832169,False,0.0
2026-02-10,0.0016411864202525717,0.05744152470884001,23240828.720406115,35.0,0.05744152470884001,24840145.102198806,24840145.102198806,822177924.983931,822177924.983931,False,0.0
2026-02-11,7.568067660779221e-05,0.0026488236812727273,23302389.577893127,35.0,0.0026488236812727273,24905942.26679176,24905942.26679176,869405078.5769582,869405078.5769582,False,0.0
2026-02-12,-0.002178044788468614,-0.07623156759640148,21526011.891628288,35.0,-0.07623156759640148,23007323.24532875,24905942.26679176,871707979.3377116,871707979.3377116,False,-0.0762315675964016
2026-02-13,-0.0002308419348108215,-0.008079467718378752,21352093.17344444,37.88828322367736,-0.008746204606014071,22806096.488788404,24905942.26679176,871707979.3377116,871707979.3377115,False,-0.08431103531478024
2026-02-16,3.925482053235285e-05,0.0013739187186323498,21381429.213937417,38.22258577947558,0.0015004207450557761,22840315.229073923,24905942.26679176,871707979.3377116,871707979.3377116,False,-0.082937116596148
2026-02-17,0.0006688051161576336,0.023408179065517176,21881929.53765394,38.16532173899667,0.025525162438843126,23423317.985450417,24905942.26679176,871707979.3377116,871707979.3377117,False,-0.05952893753063082
2026-02-18,0.0015946512548783431,0.05581279392074201,23103221.16152722,37.21539279273671,0.05934557281772804,24813388.208588764,24905942.26679176,871707979.3377116,871707979.3377116,False,-0.003716143609888811
2026-02-19,0.0009698259191737169,0.03394390717108009,23887434.755987033,35.130550169524355,0.034070518109237335,25658793.200901024,25658793.200901024,871707979.3377116,871707979.3377117,False,0.0
2026-02-20,-0.00015131021470016215,-0.005295857514505675,23760930.305132274,35.0,-0.005295857514505675,25522907.888114884,25658793.200901024,898057762.0315359,898057762.0315359,False,-0.005295857514505675
2026-02-23,-0.0010890141102285478,-0.03811549385799917,22855270.71202666,35.1863418529097,-0.03831842276514397,24544910.313462272,25658793.200901024,898057762.0315359,898057762.0315359,False,-0.04341135137250485
2026-02-24,-0.0017479272883303976,-0.061177455091563915,21457043.414436113,36.58834970519218,-0.06395377488468086,22975170.644710425,25658793.200901024,898057762.0315359,898057762.0315359,False,-0.10458880646406865
2026-02-25,0.00022654393383869653,0.007929037684354379,21627177.12026401,39.088186804753754,0.008855191605370745,23178620.182935424,25658793.200901024,898057762.0315359,898057762.0315359,False,-0.09665976877971438
2026-02-26,-0.0002131575559429777,-0.007460514458004219,21465827.252672456,38.74509159491316,-0.008258809029158497,22987192.38528516,25658793.200901024,898057762.0315359,898057762.0315359,False,-0.1041202832377186
2026-02-27,0.0001329554158711055,0.004653439555488692,21565717.18230133,39.06774463707066,0.005194268235367881,23106594.028512336,25658793.200901024,898057762.0315359,898057762.0315359,False,-0.09946684368223002
2026-03-02,-0.0016891930961733248,-0.05912175836606637,20290714.06205839,38.865864909530984,-0.06565195068198482,21589601.0569238,25658793.200901024,898057762.0315359,898057762.0315357,False,-0.1585886020482964
2026-03-03,0.004126134927837866,0.1444147224743253,23220991.90213644,41.596774283308406,0.1716339032557467,25295108.556058027,25658793.200901024,898057762.0315359,898057762.0315359,False,-0.014173879573970982
2026-03-04,-0.0017585034393781118,-0.061547620378233914,21791795.107737705,35.50321834125738,-0.06243253156209316,23715870.89276536,25658793.200901024,898057762.0315359,898057762.0315359,False,-0.0757214999522049
2026-03-05,0.0012407418319702046,0.04342596411895716,22738124.82017399,37.86737438790378,0.04698363546994934,24830128.72564343,25658793.200901024,898057762.0315359,898057762.0315359,False,-0.032295535833247846
2026-03-06,0.0006122352718680446,0.02142823451538156,23225362.691260695,36.16806710728255,0.022143366398368815,25379951.363734014,25658793.200901024,898057762.0315359,898057762.0315357,False,-0.010867301317866285
2026-03-09,-0.003016755276324501,-0.10558643467135753,20773079.450741313,35.38453439728773,-0.10674648084330356,22670730.871681206,25658793.200901024,898057762.0315359,898057762.0315359,False,-0.11645373598922382
2026-03-10,0.0026227056210996746,0.09179469673848861,22679937.97924664,39.61309263096281,0.10389348071236826,25026072.01223351,25658793.200901024,898057762.0315359,898057762.0315359,False,-0.024659039250735093
2026-03-11,0.000554391050753944,0.01940368677638804,23120012.391903847,35.88488683292119,0.01989426011748955,25523947.19856391,25658793.200901024,898057762.0315359,898057762.0315359,False,-0.0052553524743469415
2026-03-12,0.003382554052050901,0.11838939182178154,25857176.5978934,35.184909099093595,0.11901485684418166,28561676.120499443,28561676.120499443,898057762.0315359,898057762.0315359,False,0.0
2026-03-13,0.0071012363800164735,0.24854327330057657,32283803.907844894,35.0,0.24854327330057657,35660488.59443929,35660488.59443929,999658664.2174805,999658664.2174805,False,0.0
2026-03-16,-0.0009989501828051583,-0.03496325639818054,31155056.994306326,35.0,-0.03496325639818054,34413681.78842752,35660488.59443929,1248117100.805375,1248117100.805375,False,-0.03496325639818054
2026-03-17,-0.0022422203807085372,-0.0784777133247988,28710079.36288939,36.26804909973586,-0.08132095885996567,31615128.18749085,35660488.59443929,1248117100.805375,1248117100.805375,False,-0.11344096972297935
2026-03-18,0.0007214298508522177,0.02525004477982762,29435010.15243475,39.47847667747927,0.028480951541306625,32515557.12137098,35660488.59443929,1248117100.805375,1248117100.805375,False,-0.08819092494315173
2026-03-19,4.5714033879429294e-05,0.0015999911857800253,29482105.909231994,38.38522883512413,0.0017547436514385108,32572613.588802688,35660488.59443929,1248117100.805375,1248117100.805375,False,-0.0865909337573717
2026-03-20,-0.0009437062788597572,-0.0330297197600915,28508320.213112723,38.31799058441026,-0.03616092830779702,31394757.64402042,35660488.59443929,1248117100.805375,1248117100.805375,False,-0.1196206535174632
2026-03-23,-0.0008199947750949788,-0.028699817128324256,27690136.636360675,39.75558961013661,-0.03259937576113224,30371308.14265332,35660488.59443929,1248117100.805375,1248117100.805375,False,-0.14832047064578746
2026-03-24,0.0005700073445209508,0.01995025705823328,28242561.980233677,41.095269750746276,0.023424605582995042,31082744.056934576,35660488.59443929,1248117100.805375,1248117100.805375,False,-0.1283702135875543
2026-03-25,-0.0011594619841402976,-0.040581169444910414,27096445.78695543,40.15466261663341,-0.046557804789966004,29635599.72679534,35660488.59443929,1248117100.805375,1248117100.805375,False,-0.1689513830324646
2026-03-26,0.002051890761857633,0.07181617666501716,29042408.92458548,42.115466274059465,0.08641633617906933,32196599.675654422,35660488.59443929,1248117100.805375,1248117100.805375,False,-0.09713520636744744
2026-03-27,0.0003070046956461514,0.0107451643476153,29354474.3815308,38.765494287558056,0.011901188775324381,32579777.486317936,35660488.59443929,1248117100.805375,1248117100.805375,False,-0.08639004201983214
2026-03-30,-0.00019093643211642863,-0.006682775124075002,29158305.03035361,38.3095649235029,-0.0073146916424263264,32341466.460226655,35660488.59443929,1248117100.805375,1248117100.805375,False,-0.09307281714390714
2026-03-31,0.00018577257814711423,0.006502040235148998,29347893.502849717,38.591852423893705,0.007169307920259693,32573332.39187277,35660488.59443929,1248117100.805375,1248117100.805375,False,-0.08657077690875814
2026-04-01,-7.080792496638733e-05,-0.0024782773738235564,29275161.28241222,38.31714501267262,-0.002713157528983505,32484955.80984968,35660488.59443929,1248117100.805375,1248117100.805375,False,-0.0890490542825817
2026-04-02,0.001789904334972503,0.0626466517240376,31109152.115436528,38.42138829158994,0.06877060945877861,34718966.01913453,35660488.59443929,1248117100.805375,1248117100.805375,False,-0.026402402558544202
2026-04-03,0.0011016388561075896,0.038557359963765636,32308638.891718954,35.94914376532714,0.03960297361568228,36093940.314354084,36093940.314354084,1248117100.805375,1248117100.805375,False,0.0
2026-04-06,-0.0030493875922413816,-0.10672856572844835,28860384.202167425,35.0,-0.10672856572844835,32241685.83311485,36093940.314354084,1263287911.002393,1263287911.002393,False,-0.10672856572844835
2026-04-07,0.0017226128830274412,0.06029145090596044,30600418.63941956,39.18181938566292,0.06749510685419728,34417841.8635804,36093940.314354084,1263287911.002393,1263287911.002393,False,-0.04643711482248791
2026-04-08,0.00645477612606471,0.22591716441226484,37513578.44826544,36.70444869871851,0.23691899918085513,42572082.511864804,42572082.511864804,1263287911.002393,1263287911.002393,False,0.0
2026-04-09,0.0006158372260298695,0.02155430291104543,38322157.48141662,35.0,0.02155430291104543,43489694.073879555,43489694.073879555,1490022887.9152682,1490022887.9152682,False,0.0
2026-04-10,0.000519623386862289,0.018186818540180116,39019115.605599344,35.0,0.018186818540180116,44280633.24836915,44280633.24836915,1522139292.5857844,1522139292.5857844,False,0.0
2026-04-13,0.0025430436719362515,0.0890065285177688,42492071.63148724,35.0,0.0890065285177688,48221898.69437498,48221898.69437498,1549822163.6929202,1549822163.6929202,False,0.0
2026-04-14,0.003857897111678721,0.13502639890875523,48229623.04605983,35.0,0.13502639890875523,54733128.023619235,54733128.023619235,1687766454.3031242,1687766454.3031242,False,0.0
2026-04-15,-0.0017187470439299357,-0.06015614653754775,45328314.77465037,35.0,-0.06015614653754775,51440593.95377204,54733128.023619235,1915659480.8266733,1915659480.8266733,False,-0.06015614653754764
2026-04-16,-0.0002155861996406827,-0.007545516987423895,44986289.20550695,37.24022865187391,-0.008028479368807562,51027604.20649497,54733128.023619235,1915659480.8266733,1915659480.8266735,False,-0.06770166352497153
2026-04-17,-0.002876519245818554,-0.10067817360364939,40457151.77109095,37.54163086071051,-0.10798922369024956,45517172.84146227,54733128.023619235,1915659480.8266733,1915659480.8266733,False,-0.16837983712862092
2026-04-20,-0.003053843246963339,-0.10688451364371687,36132908.780627854,42.08652166291116,-0.12852563996845753,39667049.07245844,54733128.023619235,1915659480.8266733,1915659480.8266733,False,-0.2752643507723378
2026-04-21,0.0007939597937267617,0.02778859278043666,37136991.468705386,48.2934709190846,0.038343074209265776,41188005.6787063,54733128.023619235,1915659480.8266733,1915659480.8266733,False,-0.24747575799190102
2026-04-22,0.0016414576564574013,0.057451017976009044,39270549.43314887,46.510129569518,0.0763444082847111,44332479.60067446,54733128.023619235,1915659480.8266733,1915659480.8266733,False,-0.19002474001589198
2026-04-23,0.0006357874642834993,0.022252561249922476,40144419.73972812,43.21119635269689,0.027473136957737548,45550431.88441989,54733128.023619235,1915659480.8266733,1915659480.8266733,False,-0.16777217876596962
2026-04-24,-0.0010890481196023094,-0.03811668418608083,38614247.57067544,42.055791824048704,-0.045800781004366416,43464186.52902726,54733128.023619235,1915659480.8266733,1915659480.8266733,False,-0.20588886295205044
2026-04-27,-0.0010458148583490923,-0.03660352004221823,37200830.18580704,44.07443538710458,-0.04609369940118099,41460761.38044142,54733128.023619235,1915659480.8266733,1915659480.8266733,False,-0.24249238299426867
2026-04-28,4.71603511240648e-05,0.0016506122893422681,37262234.33328547,46.20415585832345,0.00217900421366955,41551104.55419135,54733128.023619235,1915659480.8266733,1915659480.8266733,False,-0.2408417707049264
2026-04-29,-0.00038961104185597506,-0.013636386464959127,36754112.10536893,46.10369571110322,-0.017962508919413776,40804742.46802519,54733128.023619235,1915659480.8266733,1915659480.8266733,False,-0.25447815716988553
2026-04-30,-0.00037742352964986736,-0.013209823537745358,36268596.770170495,46.94698128110461,-0.017718895381520754,40081727.50516436,54733128.023619235,1915659480.8266733,1915659480.826673,False,-0.2676879807076308
2026-05-01,-0.00020389204391002558,-0.007136221536850895,36009776.028787844,47.79383524774097,-0.009744782754960931,39691139.77818299,54733128.023619235,1915659480.8266733,1915659480.8266733,False,-0.2748242022444818
2026-05-04,0.00045849085405680334,0.016047179891988117,36587631.382592,48.2641589919686,0.022128675476561027,40569452.129629225,54733128.023619235,1915659480.8266733,1915659480.8266733,False,-0.25877702235249367
2026-05-05,-0.001164156298040231,-0.04074547043140808,35096851.12993734,47.219259326097806,-0.05497059813327167,38339325.08012438,54733128.023619235,1915659480.8266733,1915659480.8266733,False,-0.29952249278390164
2026-05-06,0.004322652496937973,0.15129283739282906,40406753.32093928,49.96591559249375,0.2159852897976851,46620055.3182027,54733128.023619235,1915659480.8266733,1915659480.8266735,False,-0.14822965539107258
2026-05-07,-0.0008307594843206534,-0.02907658195122287,39231863.04662014,41.09088819718127,-0.03413664508896794,45028603.03577716,54733128.023619235,1915659480.8266733,1915659480.8266733,False,-0.17730623734229545
2026-05-08,0.0008608992763152745,0.030131474671034608,40413976.93430688,42.54316926742319,0.03662538363448285,46677792.89648733,54733128.023619235,1915659480.8266733,1915659480.8266733,False,-0.14717476267126095
2026-05-11,-0.0010662010728783589,-0.03731703755074256,38905847.03947451,41.04006127870783,-0.043756957366351885,44635314.70276033,54733128.023619235,1915659480.8266733,1915659480.8266733,False,-0.1844918002220035
2026-05-12,0.0011227793105099693,0.039297275867848924,40434740.84345707,42.91802339881801,0.04818746872017561,46786177.53381479,54733128.023619235,1915659480.8266733,1915659480.8266733,False,-0.14519452435415459
2026-05-13,-1.6576070583917968e-05,-0.0005801624704371289,40411282.12431785,40.94498806708727,-0.0006787070122577176,46754423.42704585,54733128.023619235,1915659480.8266733,1915659480.826673,False,-0.14577468682459183
2026-05-14,0.00017633923429216658,0.00617187320022583,40660695.43344769,40.9727965914457,0.007225111577744228,47092229.35305936,54733128.023619235,1915659480.8266733,1915659480.8266733,False,-0.13960281362436588
2026-05-15,0.0005352011474781815,0.018732040161736352,41422353.21331116,40.67888709333787,0.021771387050489813,48117492.50537525,54733128.023619235,1915659480.8266733,1915659480.8266733,False,-0.12087077346262953
2026-05-18,0.0006068513877282022,0.02123979857048708,42302155.651877455,39.81212197648647,0.024160041469835275,49280013.11972961,54733128.023619235,1915659480.8266733,1915659480.8266733,False,-0.09963097489214245
2026-05-19,0.0012318057911284708,0.04311320268949648,44125937.062699474,38.87294989496919,0.04788392479886992,51639733.56204206,54733128.023619235,1915659480.8266733,1915659480.8266733,False,-0.05651777220264609
2026-05-20,-0.0009268766922053695,-0.03244068422718793,42694461.472219676,37.09661821792947,-0.03438399078583992,49864153.439061575,54733128.023619235,1915659480.8266733,1915659480.8266733,False,-0.08895845642983402
2026-05-21,-0.00027128292794009745,-0.00949490247790341,42289081.72419434,38.41756750503705,-0.010422030197102795,49344467.72616671,54733128.023619235,1915659480.8266733,1915659480.8266733,False,-0.09845335890773743
2026-05-22,0.0009583008167732832,0.03354052858706491,43707479.87868541,38.82217336819756,0.03720332044765772,51180245.77130239,54733128.023619235,1915659480.8266733,1915659480.8266733,False,-0.06491283032067263
2026-05-25,-0.001041222282158194,-0.03644277987553679,42114657.81055202,37.42966552733546,-0.03897260176079011,49185618.43483806,54733128.023619235,1915659480.8266733,1915659480.8266733,False,-0.10135561019620942
2026-05-26,0.0006711859308379253,0.023491507579327386,43103994.61370938,38.94755299996017,0.0261410496141377,50471382.1266452,54733128.023619235,1915659480.8266733,1915659480.8266733,False,-0.07786410261688215
2026-05-27,-0.001250569346047281,-0.04376992711165484,41217335.91124616,37.95536004977651,-0.04746580979643811,48075717.102458514,54733128.023619235,1915659480.8266733,1915659480.8266733,False,-0.12163402972853699
2026-05-28,-0.00024251245693185375,-0.008487935992614881,40867485.80224539,39.84671672695049,-0.009663325174120357,47611145.81511844,54733128.023619235,1915659480.8266733,1915659480.8266735,False,-0.13012196572115176
2026-05-29,0.0002285536369233121,0.007999377292315923,41194400.24016592,40.235525695295806,0.009195975731181232,48048976.756568,54733128.023619235,1915659480.8266733,1915659480.8266733,False,-0.12212258842883583
2026-06-01,-2.2971157295437195e-05,-0.0008039905053403018,41161280.33349964,39.86889232900916,-0.0009158345968845187,48004971.841309436,54733128.023619235,1915659480.8266733,1915659480.8266733,False,-0.12292657893417613
2026-06-02,-5.338731563153676e-05,-0.0018685560471037865,41084368.17422595,39.90543911075065,-0.0021304442732207165,47902699.923963994,54733128.023619235,1915659480.8266733,1915659480.8266733,False,-0.12479513498128003
2026-06-03,0.0007619777454686005,0.02666922109140102,42180056.2724649,39.990636934189546,0.030471975370967096,49362389.81624985,54733128.023619235,1915659480.8266733,1915659480.8266733,False,-0.09812591388987901
2026-06-04,0.0006023395241812057,0.0210818833463422,43069291.29834316,38.80807813312248,0.023375639317092047,50516267.2364242,54733128.023619235,1915659480.8266733,1915659480.8266735,False,-0.07704403054353692
2026-06-05,0.002075240236392606,0.0726334082737412,46197560.7172764,37.92163565572018,0.07869650414257102,54491720.87026269,54733128.023619235,1915659480.8266733,1915659480.826673,False,-0.004410622269795494
2026-06-08,0.00012806874165249837,0.004482405957837443,46404636.93867308,35.15505567144036,0.004502263742564893,54737056.96940684,54737056.96940684,1915659480.8266733,1915659480.8266733,False,0.0
2026-06-09,-0.0002742242425252117,-0.00959784848838241,45959252.2641773,35.0,-0.00959784848838241,54211698.98991452,54737056.96940684,1915796993.9292395,1915796993.9292395,False,-0.00959784848838241
2026-06-10,-0.0011416393400670577,-0.03995737690234702,44122841.09930752,35.33918009626763,-0.04034459824361388,52024549.77406269,54737056.96940684,1915796993.9292395,1915796993.9292395,False,-0.04955522539072932
2026-06-11,0.00038606887410597146,0.013512410593709001,44719047.044802345,36.82486445820964,0.014216933960486,52764179.36252456,54737056.96940684,1915796993.9292395,1915796993.9292395,False,-0.03604281479702032
2026-06-12,0.00043894980425407404,0.015363243148892591,45406076.63793841,36.30866654376364,0.0159376820721115,53605118.078000344,54737056.96940684,1915796993.9292395,1915796993.9292395,False,-0.020679571648127726
2026-06-15,-0.001569935150360191,-0.05494773026260669,42911115.786553726,35.739068630379286,-0.05610802008396769,50597441.036276445,54737056.96940684,1915796993.9292395,1915796993.9292397,False,-0.07562730191073441
2026-06-16,-0.0006776546619822188,-0.023717913169377658,41893353.66832713,37.86351551960278,-0.025658387810894915,49299192.27192877,54737056.96940684,1915796993.9292395,1915796993.9292397,False,-0.09934521508011207
2026-06-17,0.0013627976462298186,0.04769791761804365,43891579.40034257,38.86061628275611,0.052959156401180194,51910035.9059097,54737056.96940684,1915796993.9292395,1915796993.9292395,False,-0.05164729746206842
2026-06-18,0.0023713683048145473,0.08299789066850916,47534487.90868038,36.90610034255699,0.08751795660664495,56453096.17577248,56453096.17577248,1915796993.9292395,1915796993.9292397,False,0.0
2026-06-19,0.0003847918170192255,0.013467713595672892,48174668.77775146,35.0,0.013467713595672892,57213390.30665676,57213390.30665676,1975858366.152037,1975858366.152037,False,0.0
2026-06-22,0.000461185946763365,0.016141508136717775,48952280.58581123,35.0,0.016141508136717775,58136900.71182087,58136900.71182087,2002468660.7329867,2002468660.7329867,False,0.0
2026-06-23,0.002312986865358635,0.08095454028755222,52915189.95666284,35.0,0.08095454028755222,62843346.7826894,62843346.7826894,2034791524.9137304,2034791524.9137304,False,0.0
2026-06-24,9.173357516711889e-05,0.003210675130849161,53085083.44110086,35.0,0.003210675130849161,63045116.35334391,63045116.35334391,2199517137.394129,2199517137.394129,False,0.0
2026-06-25,-0.00026707958491711814,-0.009347785472099135,52588855.46932497,35.0,-0.009347785472099135,62455784.130609326,63045116.35334391,2206579072.367037,2206579072.367037,False,-0.009347785472099135
2026-06-26,-0.0008541535253746568,-0.02989537338811299,51016691.999015994,35.33025968823921,-0.030177465865111646,60571026.83692908,63045116.35334391,2206579072.367037,2206579072.367037,False,-0.03924315886021201
2026-06-29,-4.271008451572911e-05,-0.0014948529580505188,50940429.54607131,36.42961309385834,-0.0015559118541140016,60476783.65825765,63045116.35334391,2206579072.367037,2206579072.367037,False,-0.04073801181826253
2026-06-30,0.0014649910359481044,0.051274686258183655,53552384.088903226,36.48638268919821,0.05345222357384747,63709402.21938604,63709402.21938604,2206579072.367037,2206579072.367037,False,0.0
2026-07-01,0.000361116435703579,0.012639075249625265,54229236.70119971,35.0,0.012639075249625265,64514630.148145504,64514630.148145504,2229829077.6785116,2229829077.6785116,False,0.0
2026-07-02,-0.0026641982906235873,-0.09324694017182555,49172526.310959175,35.0,-0.09324694017182555,58498838.290513925,64514630.148145504,2258012055.1850924,2258012055.1850924,False,-0.09324694017182555
2026-07-03,5.6570221929064246e-05,0.0019799577675172486,49269885.836377,38.59926318487675,0.0021835688846668366,58626574.53359424,64514630.148145504,2258012055.1850924,2258012055.1850924,False,-0.09126698240430842
2026-07-06,-0.001583248922326419,-0.055413712281424665,46539658.55850137,38.515162674073764,-0.060979089796954,55051579.38062239,64514630.148145504,2258012055.1850924,2258012055.1850924,False,-0.14668069468573297
2026-07-07,0.0002536822366185909,0.008878878281650682,46952878.522111885,41.016299270423666,0.010405106536738554,55624396.92909348,64514630.148145504,2258012055.1850924,2258012055.1850924,False,-0.1378018164040824
2026-07-08,0.0006708036419411645,0.023478127467940757,48055244.18904076,40.5939152574268,0.0272305461953329,57139079.63925869,64514630.148145504,2258012055.1850924,2258012055.1850924,False,-0.11432368893614164
2026-07-09,0.0005267488455635849,0.018436209594725472,48941200.74303562,39.517823343337064,0.020815967825288485,58328484.88259609,64514630.148145504,2258012055.1850924,2258012055.1850924,False,-0.09588747934141628
2026-07-10,-5.067084399534849e-05,-0.0017734795398371972,48854404.52486279,38.71199568667062,-0.0019615694941878905,58214069.50600819,64514630.148145504,2258012055.1850924,2258012055.1850924,False,-0.09766095888125348
2026-07-13,0.0007820166631740122,0.027370583211090427,50191578.06913881,38.788081203497484,0.030332925833681725,59979872.55881073,64514630.148145504,2258012055.1850924,2258012055.1850924,False,-0.07029037567016305
2026-07-14,-0.0007508345522205806,-0.02627920932772032,48872583.0825713,37.64616293525956,-0.02826603989031863,58284479.08844716,64514630.148145504,2258012055.1850924,2258012055.1850924,False,-0.09656958499788337
2026-07-15,0.001925141559860899,0.06737995459513146,52165615.51162175,38.74122391586517,0.07458234024030903,62631471.9385509,64514630.148145504,2258012055.1850924,2258012055.1850924,False,-0.02918963040275202
2026-07-16,-0.0004913477801559152,-0.01719717230545703,51268514.43324817,36.05235491512122,-0.01771424455693801,61522002.7276704,64514630.148145504,2258012055.1850924,2258012055.1850924,False,-0.04638680270820905
2026-07-17,0.0012841216327681426,0.04494425714688499,53572739.729474865,36.702512191943306,0.0471304898826109,64421564.854784824,64514630.148145504,2258012055.1850924,2258012055.1850924,False,-0.0014425455613241711
2026-07-20,-0.0003263861437176052,-0.011423515030116183,52960750.731970705,35.05056203268216,-0.011440017776981835,63684581.0076251,64514630.148145504,2258012055.1850924,2258012055.1850924,False,-0.012866060591440354
