,unlevered_ret,static35_ret,static35_equity,static35_notional,dyn_leverage,dyn_ret,dyn_equity,dyn_peak_equity,dyn_target_notional,dyn_notional_held,dyn_notional_capped,static35_drawdown,dyn_drawdown
2026-01-01,-0.0005915710000000685,-0.020704985000002396,9792950.149999976,350000000.0,30.0,-0.017747130000002054,9822528.699999979,10000000.0,300000000.0,300000000.0,False,0.0,0.0
2026-01-02,0.0010194630847966124,0.035681207967881434,10142374.44092122,342753255.24999917,30.542033437886584,0.031136475624549142,10128367.625438962,10128367.625438962,300000000.0,300000000.0,False,0.0,0.0
2026-01-05,0.0007962777592724901,0.027869721574537154,10425039.592694396,354983105.43224275,30.0,0.023888332778174703,10370317.44177514,10370317.44177514,303851028.7631689,303851028.7631689,False,0.0,0.0
2026-01-06,0.0009594617080992407,0.033581159783473424,10775124.513005702,364876385.7443039,30.0,0.02878385124297722,10668815.116361648,10668815.116361648,311109523.2532542,311109523.2532542,False,0.0,0.0
2026-01-07,-0.0010204727334334196,-0.035716545670169686,10390274.28623517,377129357.95519954,30.0,-0.030614182003002588,10342198.068632968,10668815.116361648,320064453.49084944,320064453.49084944,False,-0.035716545670169575,-0.030614182003002477
2026-01-08,0.00014847050088473424,0.005196467530965698,10444267.00920142,363659600.018231,30.947430262583975,0.004594780472181225,10389718.198358154,10668815.116361648,320064453.49084944,320064453.49084944,False,-0.03070567800909696,-0.02616006697646045
2026-01-09,0.0021484714625239487,0.0751965011883382,11229639.345770158,365549345.32204974,30.805883988405764,0.06618556262691323,11077367.542851567,11077367.542851567,320064453.49084944,320064453.49084944,False,0.0,0.0
2026-01-12,0.00016179091689583203,0.005662682091354121,11293229.223385815,393037377.10195553,30.0,0.004853727506874961,11131134.06639807,11131134.06639807,332321026.285547,332321026.285547,False,0.0,0.0
2026-01-13,0.0006615404965324423,0.02315391737863548,11554711.719762081,395263022.8185035,29.999999999999996,0.019846214895973265,11352044.945115695,11352044.945115695,333934021.99194205,333934021.99194205,False,0.0,0.0
2026-01-14,-0.0019070853037921331,-0.06674798563272466,10783457.987901127,404414910.19167286,30.0,-0.057212559113763994,10702565.402631158,11352044.945115695,340561348.35347086,340561348.35347086,False,-0.06674798563272466,-0.05721255911376388
2026-01-15,-0.0009999702735350446,-0.03499895957372656,10406048.177717594,377421029.57653946,31.82053419358185,-0.031819588281587284,10362014.177962674,11352044.945115695,340561348.35347086,340561348.35347086,False,-0.09941083515566396,-0.08721166731981533
2026-01-16,-0.000745208725720925,-0.026082305400232375,10134634.451136833,364211686.2201158,32.86632719319733,-0.024492273806769566,10108224.889526384,11352044.945115695,340561348.35347086,340561348.35347086,False,-0.12290027679327409,-0.10956792909144308
2026-01-19,-0.000663345923554215,-0.023217107324397523,9899337.555391252,354712205.78978914,33.69150885298791,-0.022349125056020273,9882314.907375982,11352044.945115695,340561348.35347086,340561348.35347086,False,-0.14326399520116406,-0.12946830679806953
2026-01-20,0.0036460081485780726,0.12761028520023254,11162594.844128102,346476814.4386938,34.46169764325988,0.12564763042115928,11124004.358563473,11352044.945115695,340561348.35347086,340561348.35347086,False,-0.03393566928747693,-0.020088062340727242
2026-01-21,-0.0022498144312218527,-0.07874350509276484,10283613.00017103,390690819.54448354,30.61499594714741,-0.06887805969369078,10357804.522321463,11352044.945115695,340561348.35347086,340561348.35347086,False,-0.11000696083287698,-0.08758249527738271
2026-01-22,0.0012228660873678798,0.042800313057875794,10723754.855944391,359926455.00598603,32.879684842434344,0.04020745155715667,10774265.445891201,11352044.945115695,340561348.35347086,340561348.3534709,False,-0.07191498013719377,-0.050896512656346315
2026-01-23,0.0018185679791677956,0.06364987927087284,11406320.55785569,375331419.9580537,31.608776492818354,0.05748270879051119,11393599.408949032,11393599.408949032,340561348.35347086,340561348.35347086,False,-0.01284248066982041,0.0
2026-01-26,0.007255246759893419,0.25393363659626966,14302769.017294776,399221219.52494913,30.000000000000004,0.2176574027968026,13873500.664808063,13873500.664808063,341807982.268471,341807982.268471,False,0.0,0.0
2026-01-27,0.010192372414599138,0.3567330345109698,19405039.210743826,500596915.6053172,30.0,0.30577117243797414,18115617.22890544,18115617.22890544,416205019.9442419,416205019.9442419,False,0.0,0.0
2026-01-28,-0.003726203068965428,-0.13041710741378998,16874290.12762744,679176372.3760339,30.0,-0.11178609206896284,16090543.173468927,18115617.22890544,543468516.8671632,543468516.8671632,False,-0.1304171074137901,-0.11178609206896284
2026-01-29,-0.0028236808542472236,-0.09882882989865283,15206623.778943632,590600154.4669604,33.775647658884964,-0.09537164963419353,14555961.527504984,18115617.22890544,543468516.8671632,543468516.8671632,False,-0.21635696718797104,-0.19649651769637955
2026-01-30,0.0038081039760600177,0.13328363916210062,17233417.935570173,532231832.26302713,37.3364903335464,0.14218123729130447,16625546.14745027,18115617.22890544,543468516.8671632,543468516.8671632,False,-0.11191017197075848,-0.0822533984145789
2026-02-02,0.0037838180323706005,0.13243363113297102,19515702.0496098,603169627.744956,32.688761743355464,0.12368832614037463,18681932.12159795,18681932.12159795,543468516.8671632,543468516.8671632,False,0.0,0.0
2026-02-03,-0.0039962870885356105,-0.13987004809874637,16786039.865250073,683049571.7363429,30.0,-0.11988861265606832,16442181.197804732,18681932.12159795,560457963.6479385,560457963.6479385,False,-0.13987004809874637,-0.11988861265606832
2026-02-04,0.0022341487726702525,0.07819520704345884,18098627.727953058,587511395.2837526,34.08659452814981,0.07615452332957444,17694327.66942204,18681932.12159795,560457963.6479385,560457963.6479385,False,-0.07261200842554749,-0.05286414947596085
2026-02-05,0.0009650423907572314,0.0337764836765031,18709935.73197337,633451970.4783571,31.674442460816316,0.030567179678288543,18235193.362579778,18681932.12159795,560457963.6479385,560457963.6479385,False,-0.041288103066348114,-0.02391287775324391
2026-02-06,0.0024209387439555474,0.08473285603844416,20295282.02283921,654847750.6190679,30.73496137408927,0.07440745878450994,19592027.7611335,19592027.7611335,560457963.6479385,560457963.6479385,False,0.0,0.0
2026-02-09,0.0023694124488520263,0.08292943570982092,21978358.308564942,710334870.7993724,30.0,0.07108237346556079,20984675.595398027,20984675.595398027,587760832.834005,587760832.834005,False,0.0,0.0
2026-02-10,0.0016411864202525717,0.05744152470884001,23240828.720406115,769242540.799773,30.0,0.04923559260757715,22017868.534015212,22017868.534015212,629540267.8619409,629540267.8619409,False,0.0,0.0
2026-02-11,7.568067660779221e-05,0.0026488236812727273,23302389.577893127,813429005.2142141,29.999999999999996,0.002270420298233766,22067858.349658683,22067858.349658683,660536056.0204563,660536056.0204563,False,0.0,0.0
2026-02-12,-0.002178044788468614,-0.07623156759640148,21526011.891628288,815583635.2262595,30.0,-0.06534134365405841,20625914.83352455,22067858.349658683,662035750.4897605,662035750.4897605,False,-0.07623156759640137,-0.06534134365405853
2026-02-13,-0.0002308419348108215,-0.008079467718378752,21352093.17344444,753410416.2069901,32.097279361093534,-0.00740939806987828,20473089.21996756,22067858.349658683,662035750.4897605,662035750.4897605,False,-0.08369512482526364,-0.07226660169838317
2026-02-16,3.925482053235285e-05,0.0013739187186323498,21381429.213937417,747323261.0705553,32.336876148816465,0.0012693782697987118,20499077.314539038,22067858.349658683,662035750.4897605,662035750.4897604,False,-0.08243619640528699,-0.07108895708241258
2026-02-17,0.0006688051161576336,0.023408179065517176,21881929.53765394,748350022.4878095,32.29588045995658,0.021599650082434307,20941850.211545847,22067858.349658683,662035750.4897605,662035750.4897605,False,-0.06095769858670497,-0.05102480359768358
2026-02-18,0.0015946512548783431,0.05581279392074201,23103221.16152722,765867533.8178879,31.613049649488996,0.050411789294088995,21997566.35183867,22067858.349658683,662035750.4897605,662035750.4897605,False,-0.00854712413506542,-0.0031852659513331716
2026-02-19,0.0009698259191737169,0.03394390717108009,23887434.755987033,808612740.6534528,30.095863328737007,0.029187748316118926,22639625.782083265,22639625.782083265,662035750.4897605,662035750.4897605,False,0.0,0.0
2026-02-20,-0.00015131021470016215,-0.005295857514505675,23760930.305132274,836060216.4595462,30.0,-0.0045393064410048645,22536857.582948714,22639625.782083265,679188773.462498,679188773.462498,False,-0.005295857514505786,-0.0045393064410048645
2026-02-23,-0.0010890141102285478,-0.03811549385799917,22855270.71202666,831632560.6796296,30.13680017112808,-0.03281940062349659,21797211.425139233,22639625.782083265,679188773.462498,679188773.462498,False,-0.04320949714793787,-0.0372097297478613
2026-02-24,-0.0017479272883303976,-0.061177455091563915,21457043.414436113,799934474.9209331,31.159434122805894,-0.054464425192185764,20610038.834076483,22639625.782083265,679188773.462498,679188773.462498,False,-0.10174350516820474,-0.08964754839777311
2026-02-25,0.00022654393383869653,0.007929037684354379,21627177.12026401,750996519.5052639,32.95426946695182,0.0074655898418237105,20763904.930635754,22639625.782083265,679188773.462498,679188773.462498,False,-0.09462119557046722,-0.08285123038261233
2026-02-26,-0.0002131575559429777,-0.007460514458004219,21465827.252672456,756951199.2092403,32.71006950433492,-0.006972398470268959,20619130.71166058,22639625.782083265,679188773.462498,679188773.4624981,False,-0.10137578723088447,-0.08924595706090177
2026-02-27,0.0001329554158711055,0.004653439555488692,21565717.18230133,751303953.843536,32.93973848656973,0.004379516629167337,20709432.537491273,22639625.782083265,679188773.462498,679188773.4624978,False,-0.09719409377366472,-0.0852572945847685
2026-03-02,-0.0016891930961733248,-0.05912175836606637,20290714.06205839,754800101.3805466,32.79610738888814,-0.05539895818266881,19562151.550359994,22639625.782083265,679188773.462498,679188773.462498,False,-0.15056956641303554,-0.13593308746996813
2026-03-03,0.004126134927837866,0.1444147224743253,23220991.90213644,710174992.1720436,34.719533365950184,0.14325747929947924,22364576.071138967,22639625.782083265,679188773.462498,679188773.462498,False,-0.027899306085328313,-0.01214903963483216
2026-03-04,-0.0017585034393781118,-0.061547620378233914,21791795.107737705,812734716.5747755,30.36895362121249,-0.05340390939321653,21170220.277018163,22639625.782083265,679188773.462498,679188773.462498,False,-0.08772979056380625,-0.06490414281617551
2026-03-05,0.0012407418319702046,0.04342596411895716,22738124.82017399,762712828.7708197,32.082272389003315,0.039805817417699084,22012918.200057622,22639625.782083265,679188773.462498,679188773.462498,False,-0.04811357718203646,-0.027681887857069265
2026-03-06,0.0006122352718680446,0.02142823451538156,23225362.691260695,795834368.7060896,30.854099728618447,0.018889968135594477,22428741.52342816,22639625.782083265,679188773.462498,679188773.462498,False,-0.027716331681885586,-0.009314829701027816
2026-03-09,-0.003016755276324501,-0.10558643467135753,20773079.450741313,812887694.1941243,30.28207234690563,-0.09135360153056782,20379795.207464803,22639625.782083265,679188773.462498,679188773.462498,False,-0.130376297708784,-0.09981748799076295
2026-03-10,0.0026227056210996746,0.09179469673848861,22679937.97924664,727057780.775946,33.326574999817545,0.08740579558402137,22161107.421412688,22639625.782083265,679188773.462498,679188773.462498,False,-0.050549453680360235,-0.021136319357772715
2026-03-11,0.000554391050753944,0.01940368677638804,23120012.391903847,793797829.2736324,30.64778129301637,0.016990855674312414,22537643.599192843,22639625.782083265,679188773.462498,679188773.462498,False,-0.032126612669903465,-0.0045045878351545054
2026-03-12,0.003382554052050901,0.11838939182178154,25857176.5978934,809200433.7166346,30.135749128929444,0.1019358003276497,24835036.336975895,24835036.336975895,679188773.462498,679188773.462498,False,0.0,0.0
2026-03-13,0.0071012363800164735,0.24854327330057657,32283803.907844894,905001180.9262689,30.000000000000004,0.21303709140049423,30125820.243030824,30125820.243030824,745051090.1092769,745051090.1092769,False,0.0,0.0
2026-03-16,-0.0009989501828051583,-0.03496325639818054,31155056.994306326,1129933136.7745712,30.0,-0.02996850548415475,29222994.433862895,30125820.243030824,903774607.2909247,903774607.2909247,False,-0.03496325639818065,-0.02996850548415475
2026-03-17,-0.0022422203807085372,-0.0784777133247988,28710079.36288939,1090426994.8007214,30.926830901478482,-0.06934477055802163,27196532.589828327,30125820.243030824,903774607.2909247,903774607.2909247,False,-0.11069713331046149,-0.09723511690541087
2026-03-18,0.0007214298508522177,0.02525004477982762,29435010.15243475,1004852777.7011287,33.231243883970045,0.02397401131884618,27848542.569970243,30125820.243030824,903774607.2909247,903774607.2909245,False,-0.08824219610372153,-0.07559222137984434
2026-03-19,4.5714033879429294e-05,0.0015999911857800253,29482105.909231994,1030225355.3352163,32.45321025400757,0.0014835671530479444,27889857.75298731,30125820.243030824,903774607.2909247,903774607.2909247,False,-0.08678339165392135,-0.07422080036346135
2026-03-20,-0.0009437062788597572,-0.0330297197600915,28508320.213112723,1031873706.8231198,32.40513506004241,-0.030580929423460478,27036959.981412854,30125820.243030824,903774607.2909247,903774607.2909248,False,-0.1169466803078536,-0.10253198872925406
2026-03-23,-0.0008199947750949788,-0.028699817128324256,27690136.636360675,997791207.4589453,33.42737526379609,-0.02741027306145193,26295869.52557078,30125820.243030824,903774607.2909247,903774607.2909248,False,-0.14229014909757787,-0.12713183198210343
2026-03-24,0.0005700073445209508,0.01995025705823328,28242561.980233677,969154782.2726237,34.369451309152225,0.019590839673371975,26811027.689518142,30125820.243030824,903774607.2909247,903774607.2909248,False,-0.12517861709069555,-0.1100316116464749
2026-03-25,-0.0011594619841402976,-0.040581169444910414,27096445.78695543,988489669.3081787,33.709062470748115,-0.039084376455842854,25763135.39013299,30125820.243030824,903774607.2909247,903774607.2909245,False,-0.16067989186456888,-0.14481547117068383
2026-03-26,0.002051890761857633,0.07181617666501716,29042408.92458548,948375602.5434401,35.08014818868129,0.07198063199295193,27617582.157634746,30125820.243030824,903774607.2909247,903774607.2909247,False,-0.10040313070021345,-0.08325874831495494
2026-03-27,0.0003070046956461514,0.0107451643476153,29354474.3815308,1016484312.3604918,32.724610073843145,0.010046608955859194,27895045.20587882,30125820.243030824,903774607.2909247,903774607.2909247,False,-0.0907368144929871,-0.07404860744557029
2026-03-30,-0.00019093643211642863,-0.006682775124075002,29158305.03035361,1027406603.353578,32.39910889624427,-0.006186170256400524,27722481.706925265,30125820.243030824,903774607.2909247,903774607.2909245,False,-0.09681321589033054,-0.07977670040906304
2026-03-31,0.00018577257814711423,0.006502040235148998,29347893.502849717,1020540676.0623764,32.60078288969186,0.006056331487032385,27890378.245785594,30125820.243030824,903774607.2909247,903774607.2909247,False,-0.09094065908019466,-0.07420352306464972
2026-04-01,-7.080792496638733e-05,-0.0024782773738235564,29275161.28241222,1027176272.59974,32.40453031243814,-0.0022944975509341433,27826383.84120601,30125820.243030824,903774607.2909247,903774607.2909245,False,-0.09319356027625914,-0.07632776081364145
2026-04-02,0.001789904334972503,0.0626466517240376,31109152.115436528,1024630644.8844277,32.479053420969215,0.0581343985139963,29444053.92863411,30125820.243030824,903774607.2909247,903774607.2909245,False,-0.03638517306577149,-0.022630630764466253
2026-04-03,0.0011016388561075896,0.038557359963765636,32308638.891718954,1088820324.0402784,30.69463904262215,0.03381440704354963,30439687.153189167,30439687.153189167,903774607.2909247,903774607.2909247,False,0.0,0.0
2026-04-06,-0.0030493875922413816,-0.10672856572844835,28860384.202167425,1130802361.2101634,30.0,-0.09148162776724145,27655015.023689836,30439687.153189167,913190614.595675,913190614.595675,False,-0.10672856572844835,-0.09148162776724134
2026-04-07,0.0017226128830274412,0.06029145090596044,30600418.63941956,1010113447.0758599,33.02079618519164,0.05688204891643451,29228088.941052094,30439687.153189167,913190614.595675,913190614.5956749,False,-0.05287193490336817,-0.0398032412764181
2026-04-08,0.00645477612606471,0.22591716441226484,37513578.44826544,1071014652.3796846,31.24359640609482,0.20167042017446202,35122529.918690614,35122529.918690614,913190614.595675,913190614.595675,False,0.0,0.0
2026-04-09,0.0006158372260298695,0.02155430291104543,38322157.48141662,1312975245.6892905,30.0,0.018475116780896084,35771422.76057894,35771422.76057894,1053675897.5607184,1053675897.5607184,False,0.0,0.0
2026-04-10,0.000519623386862289,0.018186818540180116,39019115.605599344,1341275511.8495817,30.0,0.015588701605868671,36329052.79601098,36329052.79601098,1073142682.8173681,1073142682.8173681,False,0.0,0.0
2026-04-13,0.0025430436719362515,0.0890065285177688,42492071.63148724,1365669046.195977,30.0,0.07629131015808754,39100643.83062099,39100643.83062099,1089871583.8803294,1089871583.8803294,False,0.0,0.0
2026-04-14,0.003857897111678721,0.13502639890875523,48229623.04605983,1487222507.1020534,30.0,0.11573691335036163,43626031.65758892,43626031.65758892,1173019314.9186296,1173019314.9186296,False,0.0,0.0
2026-04-15,-0.0017187470439299357,-0.06015614653754775,45328314.77465037,1688036806.6120942,30.0,-0.05156241131789807,41376568.26909268,43626031.65758892,1308780949.7276676,1308780949.7276676,False,-0.06015614653754764,-0.05156241131789807
2026-04-16,-0.0002155861996406827,-0.007545516987423895,44986289.20550695,1586491017.112763,31.63096903580803,-0.0068192004053819625,41094413.157978766,43626031.65758892,1308780949.7276676,1308780949.7276676,False,-0.06724775429937446,-0.05802999730711855
2026-04-17,-0.002876519245818554,-0.10067817360364939,40457151.77109095,1574520122.1927433,31.848147939145317,-0.09161181049062803,37329679.567526445,43626031.65758892,1308780949.7276676,1308780949.7276676,False,-0.1611555468212158,-0.14432557468167517
2026-04-20,-0.003053843246963339,-0.10688451364371687,36132908.780627854,1416000311.9881833,35.060063865809134,-0.10706793927470461,33332867.70244634,43626031.65758892,1308780949.7276676,1308780949.7276676,False,-0.2508150282219598,-0.23594087209057535
2026-04-21,0.0007939597937267617,0.02778859278043666,37136991.468705386,1264651807.321975,39.263976967442694,0.031174019053963126,34371987.155325636,43626031.65758892,1308780949.7276676,1308780949.7276676,False,-0.2299962321239969,-0.2121220782787725
2026-04-22,0.0016414576564574013,0.057451017976009044,39270549.43314887,1299794701.4046886,38.07696493698018,0.06250172563046613,36520295.6658817,43626031.65758892,1308780949.7276676,1308780949.7276676,False,-0.18575873181415803,-0.16287834858505057
2026-04-23,0.0006357874642834993,0.022252561249922476,40144419.73972812,1374469230.1602104,35.837085266272034,0.02278476956875465,37352402.1872116,43626031.65758892,1308780949.7276676,1308780949.7276676,False,-0.167639778121638,-0.1438047246565457
2026-04-24,-0.0010890481196023094,-0.03811668418608083,38614247.57067544,1405054690.8904843,35.038735746311836,-0.03815886927776313,35927076.75493936,43626031.65758892,1308780949.7276676,1308780949.7276676,False,-0.19936658982803168,-0.17647616824461487
2026-04-27,-0.0010458148583490923,-0.03660352004221823,37200830.18580704,1351498664.9736404,36.42881826024803,-0.038097799408666116,34558334.19138993,43626031.65758892,1308780949.7276676,1308780949.7276676,False,-0.22867259090373082,-0.20785061399508764
2026-04-28,4.71603511240648e-05,0.0016506122893422681,37262234.33328547,1302029056.5032465,37.87164457868299,0.001786040055976475,34620056.76052357,43626031.65758892,1308780949.7276676,1308780949.7276676,False,-0.22739942840316996,-0.2064358034613658
2026-04-29,-0.00038961104185597506,-0.013636386464959127,36754112.10536893,1304178201.6649916,37.804124897335214,-0.014728904487704178,34110141.251138926,43626031.65758892,1308780949.7276676,1308780949.7276676,False,-0.23793490838051257,-0.21812413471704495
2026-04-30,-0.00037742352964986736,-0.013209823537745358,36268596.770170495,1286393923.6879125,38.36926209398115,-0.014481462329571227,33616176.5255542,43626031.65758892,1308780949.7276676,1308780949.7276676,False,-0.24800165376508176,-0.22944684060654108
2026-05-01,-0.00020389204391002558,-0.007136221536850895,36009776.028787844,1269400886.9559674,38.93306987880564,-0.007938143193281533,33349326.50268372,43626031.65758892,1308780949.7276676,1308780949.7276676,False,-0.2533680805591596,-0.23556360192384185
2026-05-04,0.00045849085405680334,0.016047179891988117,36587631.382592,1260342161.0075746,39.24459912623261,0.017993289770503268,33949390.59809764,43626031.65758892,1308780949.7276676,1308780949.7276676,False,-0.24138674383479208,-0.22180887630213775
2026-05-05,-0.001164156298040231,-0.04074547043140808,35096851.12993734,1280567098.39072,38.550940876122986,-0.04487932061631515,32425765.012717098,43626031.65758892,1308780949.7276676,1308780949.7276676,False,-0.27229679783274574,-0.2567335652433447
2026-05-06,0.004322652496937973,0.15129283739282906,40406753.32093928,1228389789.547807,40.36237693125745,0.17447252942425168,38083170.253002256,43626031.65758892,1308780949.7276676,1308780949.7276676,False,-0.16220051559701443,-0.12705399033520537
2026-05-07,-0.0008307594843206534,-0.02907658195122287,39231863.04662014,1414236366.2328749,34.36638654379072,-0.02855020156308382,36995888.0661178,43626031.65758892,1308780949.7276676,1308780949.7276676,False,-0.1865608609639502,-0.15197677486482497
2026-05-08,0.0008608992763152745,0.030131474671034608,40413976.93430688,1373115206.6317048,35.37638959736981,0.030455508203022875,38122616.63859357,43626031.65758892,1308780949.7276676,1308780949.7276676,False,-0.16205074014965704,-0.12614979657536673
2026-05-11,-0.0010662010728783589,-0.03731703755074256,38905847.03947451,1414489192.7007408,34.33082681955043,-0.036603564387805806,36727192.98583117,43626031.65758892,1308780949.7276676,1308780949.7276676,False,-0.19332052414510914,-0.1581358287617175
2026-05-12,0.0011227793105099693,0.039297275867848924,40434740.84345707,1361704646.3816078,35.63520223918492,0.040010467799995356,38196665.158174984,43626031.65758892,1308780949.7276676,1308780949.7276676,False,-0.16162021824550776,-0.12445244944641842
2026-05-13,-1.6576070583917968e-05,-0.0005801624704371289,40411282.12431785,1415215929.5209975,34.26427266118434,-0.0005679670021384024,38174970.71277341,43626031.65758892,1308780949.7276676,1308780949.7276676,False,-0.16210661473085497,-0.12494973156393596
2026-05-14,0.00017633923429216658,0.00617187320022583,40660695.43344769,1414394874.3511248,34.283744696881904,0.006045569288516282,38405760.14330456,43626031.65758892,1308780949.7276676,1308780949.7276676,False,-0.15693524300166584,-0.11965955453517119
2026-05-15,0.0005352011474781815,0.018732040161736352,41422353.21331116,1423124340.170669,34.07772544650006,0.018238437762413257,39106221.209396385,43626031.65758892,1308780949.7276676,1308780949.7276676,False,-0.1411429201146286,-0.10360352011082585
2026-05-18,0.0006068513877282022,0.02123979857048708,42302155.651877455,1449782362.4658906,33.46733356617938,0.020309697818198597,39900456.74497086,43626031.65758892,1308780949.7276676,1308780949.7276676,False,-0.1229009687370266,-0.08539797847897967
2026-05-19,0.0012318057911284708,0.04311320268949648,44125937.062699474,1480575447.815711,32.80115207935882,0.040404649087039876,41512620.698164016,43626031.65758892,1308780949.7276676,1308780949.7276676,False,-0.08508642042342507,-0.04844380474512555
2026-05-20,-0.0009268766922053695,-0.03244068422718793,42694461.472219676,1544407797.1944816,31.527302485760703,-0.029221921842160003,40299542.140659034,43626031.65758892,1308780949.7276676,1308780949.7276676,False,-0.11476684295363482,-0.07625010551128664
2026-05-21,-0.00027128292794009745,-0.00949490247790341,42289081.72419434,1494306151.5276887,32.47632305993898,-0.00881027200842875,39944492.21258469,43626031.65758892,1308780949.7276676,1308780949.7276676,False,-0.12317204544999671,-0.08438859334948967
2026-05-22,0.0009583008167732832,0.03354052858706491,43707479.87868541,1480117860.346802,32.764991547829226,0.031398718161854466,41198698.065686025,43626031.65758892,1308780949.7276676,1308780949.7276676,False,-0.09376277237447461,-0.055639568846291176
2026-05-25,-0.001041222282158194,-0.03644277987553679,42114657.81055202,1529761795.7539892,31.767531771052198,-0.033077061929187905,39835966.17836542,43626031.65758892,1308780949.7276676,1308780949.7276676,False,-0.12678857617584838,-0.08687623731103689
2026-05-26,0.0006711859308379253,0.023491507579327386,43103994.61370938,1474013023.3693209,32.85425396405863,0.022051313028852288,40714401.538371325,43626031.65758892,1308780949.7276676,1308780949.7276673,False,-0.10627552339472812,-0.06674065938589924
2026-05-27,-0.001250569346047281,-0.04376992711165484,41217335.91124616,1508639811.4798284,32.14540556353765,-0.04020005881401791,39077680.20195126,43626031.65758892,1308780949.7276676,1308780949.7276676,False,-0.14539377859364278,-0.10425773976731756
2026-05-28,-0.00024251245693185375,-0.008487935992614881,40867485.80224539,1442606756.8936155,33.49177696741365,-0.008122173119381154,38760284.518247195,43626031.65758892,1308780949.7276676,1308780949.7276676,False,-0.15264762149983035,-0.11153311347527317
2026-05-29,0.0002285536369233121,0.007999377292315923,41194400.24016592,1430362003.0785887,33.76603051279286,0.007717349078162337,39059411.1642434,43626031.65758892,1308780949.7276676,1308780949.7276676,False,-0.1458693301246663,-0.10467650436757381
2026-06-01,-2.2971157295437195e-05,-0.0008039905053403018,41161280.33349964,1441804008.4058073,33.50744188703438,-0.0007697047181547877,39029346.95118193,43626031.65758892,1308780949.7276676,1308780949.7276676,False,-0.14655604307356596,-0.10536563908643692
2026-06-02,-5.338731563153676e-05,-0.0018685560471037865,41084368.17422595,1440644811.6724875,33.5332525897678,-0.0017902503401619808,38959474.649526276,43626031.65758892,1308780949.7276676,1308780949.7276676,False,-0.14815075094014496,-0.10696725855538314
2026-06-03,0.0007619777454686005,0.02666922109140102,42180056.2724649,1437952886.0979083,33.59339317332354,0.02559741799284935,39956736.60691202,43626031.65758892,1308780949.7276676,1308780949.7276676,False,-0.1254325949804237,-0.08410792619132523
2026-06-04,0.0006023395241812057,0.0210818833463422,43069291.29834316,1476301969.5362716,32.754951001210266,0.0197296016006477,40745067.101428404,43626031.65758892,1308780949.7276676,1308780949.7276676,False,-0.10699506696928773,-0.06603774046588906
2026-06-05,0.002075240236392606,0.0726334082737412,46197560.7172764,1507425195.4420106,32.12121227999611,0.0666592321651562,43461101.98892739,43626031.65758892,1308780949.7276676,1308780949.7276676,False,-0.042133075078003124,-0.0037805333741108837
2026-06-08,0.00012806874165249837,0.004482405957837443,46404636.93867308,1616914625.104674,30.113846401343125,0.0038566424149366306,43628715.91825777,43628715.91825777,1308780949.7276676,1308780949.7276676,False,-0.03783952666691737,0.0
2026-06-09,-0.0002742242425252117,-0.00959784848838241,45959252.2641773,1624162292.8535578,30.000000000000004,-0.008226727275756353,43269794.37100682,43628715.91825777,1308861477.5477333,1308861477.5477333,False,-0.047074197111478644,-0.008226727275756351
2026-06-10,-0.0011416393400670577,-0.03995737690234702,44122841.09930752,1608573829.2462056,30.248849031386747,-0.03453327604598042,41775546.617540024,43628715.91825777,1308861477.5477333,1308861477.5477333,False,-0.08515061257746692,-0.04247590747776819
2026-06-11,0.00038606887410597146,0.013512410593709001,44719047.044802345,1544299438.4757633,31.330804346631584,0.012095848358938533,42280857.29453756,43628715.91825777,1308861477.5477333,1308861477.5477333,False,-0.07278879202321042,-0.03089384125458894
2026-06-12,0.00043894980425407404,0.015363243148892591,45406076.63793841,1565166646.568082,30.956360899447294,0.01358828855723086,42855381.78390284,43628715.91825777,1308861477.5477333,1308861477.5477333,False,-0.058543820784684675,-0.017725347126966606
2026-06-15,-0.001569935150360191,-0.05494773026260669,42911115.786553726,1589212682.3278444,30.541356139297363,-0.04794794854275195,40800554.14334828,43628715.91825777,1308861477.5477333,1308861477.5477333,False,-0.11027470097427206,-0.06482340163777234
2026-06-16,-0.0006776546619822188,-0.023717913169377658,41893353.66832713,1501889052.5293803,32.0795024731574,-0.021738824405005228,39913598.06119912,43628715.91825777,1308861477.5477333,1308861477.5477333,False,-0.1313771283611629,-0.0851530414972389
2026-06-17,0.0013627976462298186,0.04769791761804365,43891579.40034257,1466267378.3914495,32.7923700474427,0.04468936471495212,41697311.40204206,43628715.91825777,1308861477.5477333,1308861477.547733,False,-0.08994562618858504,-0.04426911211034423
2026-06-18,0.0023713683048145473,0.08299789066850916,47534487.90868038,1536205279.0119898,31.389589245402377,0.07443627703769477,44801104.02529149,44801104.02529149,1308861477.5477333,1308861477.5477333,False,-0.014413032768586853,0.0
2026-06-19,0.0003847918170192255,0.013467713595672892,48174668.77775146,1663707076.8038132,30.000000000000004,0.011543754510576766,45318276.971962266,45318276.971962266,1344033120.7587447,1344033120.7587447,False,-0.0011394297702863598,0.0
2026-06-22,0.000461185946763365,0.016141508136717775,48952280.58581123,1686113407.221301,30.000000000000004,0.013835578402900952,45945281.54609223,45945281.54609223,1359548309.158868,1359548309.158868,False,0.0,0.0
2026-06-23,0.002312986865358635,0.08095454028755222,52915189.95666284,1713329820.503393,29.999999999999996,0.06938960596075903,49133406.528331704,49133406.528331704,1378358446.3827667,1378358446.3827667,False,0.0,0.0
2026-06-24,9.173357516711889e-05,0.003210675130849161,53085083.44110086,1852031648.4831994,29.999999999999996,0.002752007255013566,49268622.0195612,49268622.0195612,1474002195.849951,1474002195.849951,False,0.0,0.0
2026-06-25,-0.00026707958491711814,-0.009347785472099135,52588855.46932497,1857977920.43853,30.0,-0.008012387547513544,48873862.72600852,49268622.0195612,1478058660.586836,1478058660.586836,False,-0.009347785472099024,-0.008012387547513544
2026-06-26,-0.0008541535253746568,-0.02989537338811299,51016691.999015994,1840609941.426374,30.242313133156106,-0.025831578378169573,47611373.71035773,49268622.0195612,1478058660.586836,1478058660.586836,False,-0.03896370332317156,-0.03363699330875314
2026-06-29,-4.271008451572911e-05,-0.0014948529580505188,50940429.54607131,1785584219.9655597,31.044234715397177,-0.001325901888420745,47548245.70004486,49268622.0195612,1478058660.586836,1478058660.586836,False,-0.04040031127405286,-0.03491829584422501
2026-06-30,0.0014649910359481044,0.051274686258183655,53552384.088903226,1782915034.112496,31.085450973545413,0.04553990702464831,49713588.38841004,49713588.38841004,1478058660.586836,1478058660.586836,False,0.0,0.0
2026-07-01,0.000361116435703579,0.012639075249625265,54229236.70119971,1874333443.1116128,29.999999999999996,0.010833493071107368,50252160.203755766,50252160.203755766,1491407651.652301,1491407651.652301,False,0.0,0.0
2026-07-02,-0.0026641982906235873,-0.09324694017182555,49172526.310959175,1898023284.5419898,30.0,-0.07992594871870762,46235708.624306105,50252160.203755766,1507564806.112673,1507564806.112673,False,-0.09324694017182555,-0.07992594871870762
2026-07-03,5.6570221929064246e-05,0.0019799577675172486,49269885.836377,1721038420.8835711,32.60607117244758,0.0018445326824602236,46320991.89996035,50252160.203755766,1507564806.112673,1507564806.112673,False,-0.09145160740779879,-0.07822884206083558
2026-07-06,-0.001583248922326419,-0.055413712281424665,46539658.55850137,1724446004.273195,32.546038939938235,-0.05152848107765088,43934141.545345224,50252160.203755766,1507564806.112673,1507564806.112673,False,-0.1417976466286538,-0.12572630973062815
2026-07-07,0.0002536822366185909,0.008878878281650682,46952878.522111885,1628888049.547548,34.31419741197602,0.00870490234724194,44316583.95720736,50252160.203755766,1507564806.112673,1507564806.112673,False,-0.13417777239204343,-0.11811584263207042
2026-07-08,0.0006708036419411645,0.023478127467940757,48055244.18904076,1643350748.273916,34.018073404944666,0.02281944753185875,45327863.91961007,50252160.203755766,1507564806.112673,1507564806.112673,False,-0.11384988776768756,-0.09799173337383538
2026-07-09,0.0005267488455635849,0.018436209594725472,48941200.74303562,1681933546.6164265,33.25911869101909,0.017519202374956556,46121971.94084221,50252160.203755766,1507564806.112673,1507564806.112673,False,-0.09751263856618331,-0.08218926800692783
2026-07-10,-5.067084399534849e-05,-0.0017734795398371972,48854404.52486279,1712942026.0062468,32.68647767372854,-0.0016562514109629402,46045582.3597388,50252160.203755766,1507564806.112673,1507564806.112673,False,-0.09911318143664771,-0.08370939332678828
2026-07-13,0.0007820166631740122,0.027370583211090427,50191578.06913881,1709904158.3701975,32.74070451177208,0.025603776492262326,47224523.1589336,50252160.203755766,1507564806.112673,1507564806.1126728,False,-0.07445538380538508,-0.06024889343156803
2026-07-14,-0.0007508345522205806,-0.02627920932772032,48872583.0825713,1756705232.4198585,31.923346288515834,-0.02396915141592032,46092591.41279248,50252160.203755766,1507564806.112673,1507564806.112673,False,-0.09877796451650789,-0.08277392999818556
2026-07-15,0.001925141559860899,0.06737995459513146,52165615.51162175,1710540407.8899953,32.7073128219531,0.06296620722491318,48994867.075223625,50252160.203755766,1507564806.112673,1507564806.112673,False,-0.03805366468549809,-0.02501968320235859
2026-07-16,-0.0004913477801559152,-0.01719717230545703,51268514.43324817,1825796542.9067612,30.769851947920447,-0.015118698450336874,48254128.45429898,50252160.203755766,1507564806.112673,1507564806.112673,False,-0.05459642156250455,-0.039760116607036045
2026-07-17,0.0012841216327681426,0.04494425714688499,53572739.729474865,1794398005.163686,31.24219324654207,0.04011877620300744,50190025.034628175,50252160.203755766,1507564806.112673,1507564806.112673,False,-0.012105960025624363,-0.001236467623991766
2026-07-20,-0.0003263861437176052,-0.011423515030116183,52960750.731970705,1875045890.5316203,30.037139951066806,-0.009803706276934712,49697976.77115668,50252160.203755766,1507564806.112673,1507564806.112673,False,-0.023391182439433833,-0.011028051935519811
